set,size,algorithm,coins
0,2010,changegreedy,41
0,2010,changedp,41
1,2015,changegreedy,42
1,2015,changedp,42
2,2020,changegreedy,42
2,2020,changedp,42
3,2025,changegreedy,41
3,2025,changedp,41
4,2030,changegreedy,42
4,2030,changedp,42
5,2035,changegreedy,42
5,2035,changedp,42
6,2040,changegreedy,43
6,2040,changedp,43
7,2045,changegreedy,43
7,2045,changedp,43
8,2050,changegreedy,41
8,2050,changedp,41
9,2055,changegreedy,42
9,2055,changedp,42
10,2060,changegreedy,42
10,2060,changedp,42
11,2065,changegreedy,43
11,2065,changedp,43
12,2070,changegreedy,43
12,2070,changedp,43
13,2075,changegreedy,42
13,2075,changedp,42
14,2080,changegreedy,43
14,2080,changedp,43
15,2085,changegreedy,43
15,2085,changedp,43
16,2090,changegreedy,44
16,2090,changedp,44
17,2095,changegreedy,44
17,2095,changedp,44
18,2100,changegreedy,42
18,2100,changedp,42
19,2105,changegreedy,43
19,2105,changedp,43
20,2110,changegreedy,43
20,2110,changedp,43
21,2115,changegreedy,44
21,2115,changedp,44
22,2120,changegreedy,44
22,2120,changedp,44
23,2125,changegreedy,43
23,2125,changedp,43
24,2130,changegreedy,44
24,2130,changedp,44
25,2135,changegreedy,44
25,2135,changedp,44
26,2140,changegreedy,45
26,2140,changedp,45
27,2145,changegreedy,45
27,2145,changedp,45
28,2150,changegreedy,43
28,2150,changedp,43
29,2155,changegreedy,44
29,2155,changedp,44
30,2160,changegreedy,44
30,2160,changedp,44
31,2165,changegreedy,45
31,2165,changedp,45
32,2170,changegreedy,45
32,2170,changedp,45
33,2175,changegreedy,44
33,2175,changedp,44
34,2180,changegreedy,45
34,2180,changedp,45
35,2185,changegreedy,45
35,2185,changedp,45
36,2190,changegreedy,46
36,2190,changedp,46
37,2195,changegreedy,46
37,2195,changedp,46
38,2200,changegreedy,44
38,2200,changedp,44
0,2000,changegreedy,36
0,2000,changedp,36
1,2001,changegreedy,37
1,2001,changedp,37
2,2002,changegreedy,37
2,2002,changedp,37
3,2003,changegreedy,38
3,2003,changedp,38
4,2004,changegreedy,34
4,2004,changedp,34
5,2005,changegreedy,35
5,2005,changedp,35
6,2006,changegreedy,35
6,2006,changedp,35
7,2007,changegreedy,36
7,2007,changedp,36
8,2008,changegreedy,36
8,2008,changedp,36
9,2009,changegreedy,37
9,2009,changedp,37
10,2010,changegreedy,35
10,2010,changedp,35
11,2011,changegreedy,36
11,2011,changedp,36
12,2012,changegreedy,36
12,2012,changedp,36
13,2013,changegreedy,37
13,2013,changedp,37
14,2014,changegreedy,37
14,2014,changedp,37
15,2015,changegreedy,38
15,2015,changedp,38
16,2016,changegreedy,35
16,2016,changedp,34
17,2017,changegreedy,36
17,2017,changedp,35
18,2018,changegreedy,36
18,2018,changedp,35
19,2019,changegreedy,37
19,2019,changedp,36
20,2020,changegreedy,37
20,2020,changedp,36
21,2021,changegreedy,38
21,2021,changedp,37
22,2022,changegreedy,36
22,2022,changedp,35
23,2023,changegreedy,37
23,2023,changedp,36
24,2024,changegreedy,37
24,2024,changedp,36
25,2025,changegreedy,38
25,2025,changedp,37
26,2026,changegreedy,38
26,2026,changedp,37
27,2027,changegreedy,39
27,2027,changedp,38
28,2028,changegreedy,34
28,2028,changedp,34
29,2029,changegreedy,35
29,2029,changedp,35
30,2030,changegreedy,35
30,2030,changedp,35
31,2031,changegreedy,36
31,2031,changedp,36
32,2032,changegreedy,36
32,2032,changedp,36
33,2033,changegreedy,37
33,2033,changedp,37
34,2034,changegreedy,35
34,2034,changedp,35
35,2035,changegreedy,36
35,2035,changedp,36
36,2036,changegreedy,36
36,2036,changedp,36
37,2037,changegreedy,37
37,2037,changedp,37
38,2038,changegreedy,37
38,2038,changedp,37
39,2039,changegreedy,38
39,2039,changedp,38
40,2040,changegreedy,34
40,2040,changedp,34
41,2041,changegreedy,35
41,2041,changedp,35
42,2042,changegreedy,35
42,2042,changedp,35
43,2043,changegreedy,36
43,2043,changedp,36
44,2044,changegreedy,36
44,2044,changedp,36
45,2045,changegreedy,37
45,2045,changedp,37
46,2046,changegreedy,35
46,2046,changedp,35
47,2047,changegreedy,36
47,2047,changedp,36
48,2048,changegreedy,36
48,2048,changedp,36
49,2049,changegreedy,37
49,2049,changedp,37
50,2050,changegreedy,37
50,2050,changedp,37
51,2051,changegreedy,38
51,2051,changedp,38
52,2052,changegreedy,35
52,2052,changedp,35
53,2053,changegreedy,36
53,2053,changedp,36
54,2054,changegreedy,36
54,2054,changedp,36
55,2055,changegreedy,37
55,2055,changedp,37
56,2056,changegreedy,37
56,2056,changedp,37
57,2057,changegreedy,38
57,2057,changedp,38
58,2058,changegreedy,36
58,2058,changedp,36
59,2059,changegreedy,37
59,2059,changedp,37
60,2060,changegreedy,37
60,2060,changedp,37
61,2061,changegreedy,38
61,2061,changedp,38
62,2062,changegreedy,38
62,2062,changedp,38
63,2063,changegreedy,39
63,2063,changedp,39
64,2064,changegreedy,35
64,2064,changedp,35
65,2065,changegreedy,36
65,2065,changedp,36
66,2066,changegreedy,36
66,2066,changedp,36
67,2067,changegreedy,37
67,2067,changedp,37
68,2068,changegreedy,37
68,2068,changedp,37
69,2069,changegreedy,38
69,2069,changedp,38
70,2070,changegreedy,36
70,2070,changedp,36
71,2071,changegreedy,37
71,2071,changedp,37
72,2072,changegreedy,37
72,2072,changedp,37
73,2073,changegreedy,38
73,2073,changedp,38
74,2074,changegreedy,38
74,2074,changedp,38
75,2075,changegreedy,39
75,2075,changedp,39
76,2076,changegreedy,36
76,2076,changedp,35
77,2077,changegreedy,37
77,2077,changedp,36
78,2078,changegreedy,37
78,2078,changedp,36
79,2079,changegreedy,38
79,2079,changedp,37
80,2080,changegreedy,38
80,2080,changedp,37
81,2081,changegreedy,39
81,2081,changedp,38
82,2082,changegreedy,37
82,2082,changedp,36
83,2083,changegreedy,38
83,2083,changedp,37
84,2084,changegreedy,38
84,2084,changedp,37
85,2085,changegreedy,39
85,2085,changedp,38
86,2086,changegreedy,39
86,2086,changedp,38
87,2087,changegreedy,40
87,2087,changedp,39
88,2088,changegreedy,35
88,2088,changedp,35
89,2089,changegreedy,36
89,2089,changedp,36
90,2090,changegreedy,36
90,2090,changedp,36
91,2091,changegreedy,37
91,2091,changedp,37
92,2092,changegreedy,37
92,2092,changedp,37
93,2093,changegreedy,38
93,2093,changedp,38
94,2094,changegreedy,36
94,2094,changedp,36
95,2095,changegreedy,37
95,2095,changedp,37
96,2096,changegreedy,37
96,2096,changedp,37
97,2097,changegreedy,38
97,2097,changedp,38
98,2098,changegreedy,38
98,2098,changedp,38
99,2099,changegreedy,39
99,2099,changedp,39
100,2100,changegreedy,35
100,2100,changedp,35
101,2101,changegreedy,36
101,2101,changedp,36
102,2102,changegreedy,36
102,2102,changedp,36
103,2103,changegreedy,37
103,2103,changedp,37
104,2104,changegreedy,37
104,2104,changedp,37
105,2105,changegreedy,38
105,2105,changedp,38
106,2106,changegreedy,36
106,2106,changedp,36
107,2107,changegreedy,37
107,2107,changedp,37
108,2108,changegreedy,37
108,2108,changedp,37
109,2109,changegreedy,38
109,2109,changedp,38
110,2110,changegreedy,38
110,2110,changedp,38
111,2111,changegreedy,39
111,2111,changedp,39
112,2112,changegreedy,36
112,2112,changedp,36
113,2113,changegreedy,37
113,2113,changedp,37
114,2114,changegreedy,37
114,2114,changedp,37
115,2115,changegreedy,38
115,2115,changedp,38
116,2116,changegreedy,38
116,2116,changedp,38
117,2117,changegreedy,39
117,2117,changedp,39
118,2118,changegreedy,37
118,2118,changedp,37
119,2119,changegreedy,38
119,2119,changedp,38
120,2120,changegreedy,38
120,2120,changedp,38
121,2121,changegreedy,39
121,2121,changedp,39
122,2122,changegreedy,39
122,2122,changedp,39
123,2123,changegreedy,40
123,2123,changedp,40
124,2124,changegreedy,36
124,2124,changedp,36
125,2125,changegreedy,37
125,2125,changedp,37
126,2126,changegreedy,37
126,2126,changedp,37
127,2127,changegreedy,38
127,2127,changedp,38
128,2128,changegreedy,38
128,2128,changedp,38
129,2129,changegreedy,39
129,2129,changedp,39
130,2130,changegreedy,37
130,2130,changedp,37
131,2131,changegreedy,38
131,2131,changedp,38
132,2132,changegreedy,38
132,2132,changedp,38
133,2133,changegreedy,39
133,2133,changedp,39
134,2134,changegreedy,39
134,2134,changedp,39
135,2135,changegreedy,40
135,2135,changedp,40
136,2136,changegreedy,37
136,2136,changedp,36
137,2137,changegreedy,38
137,2137,changedp,37
138,2138,changegreedy,38
138,2138,changedp,37
139,2139,changegreedy,39
139,2139,changedp,38
140,2140,changegreedy,39
140,2140,changedp,38
141,2141,changegreedy,40
141,2141,changedp,39
142,2142,changegreedy,38
142,2142,changedp,37
143,2143,changegreedy,39
143,2143,changedp,38
144,2144,changegreedy,39
144,2144,changedp,38
145,2145,changegreedy,40
145,2145,changedp,39
146,2146,changegreedy,40
146,2146,changedp,39
147,2147,changegreedy,41
147,2147,changedp,40
148,2148,changegreedy,36
148,2148,changedp,36
149,2149,changegreedy,37
149,2149,changedp,37
150,2150,changegreedy,37
150,2150,changedp,37
151,2151,changegreedy,38
151,2151,changedp,38
152,2152,changegreedy,38
152,2152,changedp,38
153,2153,changegreedy,39
153,2153,changedp,39
154,2154,changegreedy,37
154,2154,changedp,37
155,2155,changegreedy,38
155,2155,changedp,38
156,2156,changegreedy,38
156,2156,changedp,38
157,2157,changegreedy,39
157,2157,changedp,39
158,2158,changegreedy,39
158,2158,changedp,39
159,2159,changegreedy,40
159,2159,changedp,40
160,2160,changegreedy,36
160,2160,changedp,36
161,2161,changegreedy,37
161,2161,changedp,37
162,2162,changegreedy,37
162,2162,changedp,37
163,2163,changegreedy,38
163,2163,changedp,38
164,2164,changegreedy,38
164,2164,changedp,38
165,2165,changegreedy,39
165,2165,changedp,39
166,2166,changegreedy,37
166,2166,changedp,37
167,2167,changegreedy,38
167,2167,changedp,38
168,2168,changegreedy,38
168,2168,changedp,38
169,2169,changegreedy,39
169,2169,changedp,39
170,2170,changegreedy,39
170,2170,changedp,39
171,2171,changegreedy,40
171,2171,changedp,40
172,2172,changegreedy,37
172,2172,changedp,37
173,2173,changegreedy,38
173,2173,changedp,38
174,2174,changegreedy,38
174,2174,changedp,38
175,2175,changegreedy,39
175,2175,changedp,39
176,2176,changegreedy,39
176,2176,changedp,39
177,2177,changegreedy,40
177,2177,changedp,40
178,2178,changegreedy,38
178,2178,changedp,38
179,2179,changegreedy,39
179,2179,changedp,39
180,2180,changegreedy,39
180,2180,changedp,39
181,2181,changegreedy,40
181,2181,changedp,40
182,2182,changegreedy,40
182,2182,changedp,40
183,2183,changegreedy,41
183,2183,changedp,41
184,2184,changegreedy,37
184,2184,changedp,37
185,2185,changegreedy,38
185,2185,changedp,38
186,2186,changegreedy,38
186,2186,changedp,38
187,2187,changegreedy,39
187,2187,changedp,39
188,2188,changegreedy,39
188,2188,changedp,39
189,2189,changegreedy,40
189,2189,changedp,40
190,2190,changegreedy,38
190,2190,changedp,38
191,2191,changegreedy,39
191,2191,changedp,39
192,2192,changegreedy,39
192,2192,changedp,39
193,2193,changegreedy,40
193,2193,changedp,40
194,2194,changegreedy,40
194,2194,changedp,40
195,2195,changegreedy,41
195,2195,changedp,41
196,2196,changegreedy,38
196,2196,changedp,37
197,2197,changegreedy,39
197,2197,changedp,38
198,2198,changegreedy,39
198,2198,changedp,38
199,2199,changegreedy,40
199,2199,changedp,39
200,2200,changegreedy,40
200,2200,changedp,39
0,2000,changegreedy,15
0,2000,changedp,15
1,2001,changegreedy,16
1,2001,changedp,16
2,2002,changegreedy,17
2,2002,changedp,17
3,2003,changegreedy,18
3,2003,changedp,18
4,2004,changegreedy,19
4,2004,changedp,19
5,2005,changegreedy,20
5,2005,changedp,17
6,2006,changegreedy,16
6,2006,changedp,16
7,2007,changegreedy,17
7,2007,changedp,17
8,2008,changegreedy,18
8,2008,changedp,18
9,2009,changegreedy,19
9,2009,changedp,19
10,2010,changegreedy,20
10,2010,changedp,20
11,2011,changegreedy,21
11,2011,changedp,18
12,2012,changegreedy,17
12,2012,changedp,17
13,2013,changegreedy,16
13,2013,changedp,16
14,2014,changegreedy,17
14,2014,changedp,17
15,2015,changegreedy,18
15,2015,changedp,18
16,2016,changegreedy,19
16,2016,changedp,19
17,2017,changegreedy,20
17,2017,changedp,19
18,2018,changegreedy,21
18,2018,changedp,18
19,2019,changegreedy,17
19,2019,changedp,17
20,2020,changegreedy,18
20,2020,changedp,18
21,2021,changegreedy,19
21,2021,changedp,19
22,2022,changegreedy,20
22,2022,changedp,18
23,2023,changegreedy,21
23,2023,changedp,19
24,2024,changegreedy,15
24,2024,changedp,15
25,2025,changegreedy,16
25,2025,changedp,16
26,2026,changegreedy,17
26,2026,changedp,17
27,2027,changegreedy,18
27,2027,changedp,18
28,2028,changegreedy,19
28,2028,changedp,19
29,2029,changegreedy,20
29,2029,changedp,20
30,2030,changegreedy,16
30,2030,changedp,16
31,2031,changegreedy,17
31,2031,changedp,17
32,2032,changegreedy,18
32,2032,changedp,18
33,2033,changegreedy,19
33,2033,changedp,19
34,2034,changegreedy,20
34,2034,changedp,20
35,2035,changegreedy,21
35,2035,changedp,19
36,2036,changegreedy,17
36,2036,changedp,17
37,2037,changegreedy,16
37,2037,changedp,16
38,2038,changegreedy,17
38,2038,changedp,17
39,2039,changegreedy,18
39,2039,changedp,18
40,2040,changegreedy,19
40,2040,changedp,19
41,2041,changegreedy,20
41,2041,changedp,20
42,2042,changegreedy,21
42,2042,changedp,18
43,2043,changegreedy,17
43,2043,changedp,17
44,2044,changegreedy,18
44,2044,changedp,18
45,2045,changegreedy,19
45,2045,changedp,19
46,2046,changegreedy,20
46,2046,changedp,20
47,2047,changegreedy,21
47,2047,changedp,21
48,2048,changegreedy,22
48,2048,changedp,19
49,2049,changegreedy,18
49,2049,changedp,18
50,2050,changegreedy,17
50,2050,changedp,17
51,2051,changegreedy,18
51,2051,changedp,18
52,2052,changegreedy,19
52,2052,changedp,19
53,2053,changegreedy,20
53,2053,changedp,20
54,2054,changegreedy,21
54,2054,changedp,20
55,2055,changegreedy,22
55,2055,changedp,19
56,2056,changegreedy,18
56,2056,changedp,18
57,2057,changegreedy,19
57,2057,changedp,19
58,2058,changegreedy,20
58,2058,changedp,20
59,2059,changegreedy,21
59,2059,changedp,19
60,2060,changegreedy,22
60,2060,changedp,20
61,2061,changegreedy,16
61,2061,changedp,16
62,2062,changegreedy,17
62,2062,changedp,17
63,2063,changegreedy,18
63,2063,changedp,18
64,2064,changegreedy,19
64,2064,changedp,19
65,2065,changegreedy,20
65,2065,changedp,20
66,2066,changegreedy,21
66,2066,changedp,21
67,2067,changegreedy,17
67,2067,changedp,17
68,2068,changegreedy,18
68,2068,changedp,18
69,2069,changegreedy,19
69,2069,changedp,19
70,2070,changegreedy,20
70,2070,changedp,20
71,2071,changegreedy,21
71,2071,changedp,21
72,2072,changegreedy,22
72,2072,changedp,20
73,2073,changegreedy,18
73,2073,changedp,18
74,2074,changegreedy,17
74,2074,changedp,17
75,2075,changegreedy,18
75,2075,changedp,18
76,2076,changegreedy,19
76,2076,changedp,19
77,2077,changegreedy,20
77,2077,changedp,20
78,2078,changegreedy,21
78,2078,changedp,21
79,2079,changegreedy,22
79,2079,changedp,19
80,2080,changegreedy,18
80,2080,changedp,18
81,2081,changegreedy,19
81,2081,changedp,19
82,2082,changegreedy,20
82,2082,changedp,20
83,2083,changegreedy,21
83,2083,changedp,21
84,2084,changegreedy,22
84,2084,changedp,22
85,2085,changegreedy,23
85,2085,changedp,20
86,2086,changegreedy,19
86,2086,changedp,19
87,2087,changegreedy,18
87,2087,changedp,18
88,2088,changegreedy,19
88,2088,changedp,19
89,2089,changegreedy,20
89,2089,changedp,20
90,2090,changegreedy,21
90,2090,changedp,21
91,2091,changegreedy,22
91,2091,changedp,21
92,2092,changegreedy,23
92,2092,changedp,20
93,2093,changegreedy,19
93,2093,changedp,19
94,2094,changegreedy,20
94,2094,changedp,20
95,2095,changegreedy,21
95,2095,changedp,21
96,2096,changegreedy,22
96,2096,changedp,20
97,2097,changegreedy,23
97,2097,changedp,21
98,2098,changegreedy,17
98,2098,changedp,17
99,2099,changegreedy,18
99,2099,changedp,18
100,2100,changegreedy,14
100,2100,changedp,14
101,2101,changegreedy,15
101,2101,changedp,15
102,2102,changegreedy,16
102,2102,changedp,16
103,2103,changegreedy,17
103,2103,changedp,17
104,2104,changegreedy,18
104,2104,changedp,18
105,2105,changegreedy,19
105,2105,changedp,19
106,2106,changegreedy,15
106,2106,changedp,15
107,2107,changegreedy,16
107,2107,changedp,16
108,2108,changegreedy,17
108,2108,changedp,17
109,2109,changegreedy,18
109,2109,changedp,18
110,2110,changegreedy,19
110,2110,changedp,19
111,2111,changegreedy,20
111,2111,changedp,18
112,2112,changegreedy,16
112,2112,changedp,16
113,2113,changegreedy,15
113,2113,changedp,15
114,2114,changegreedy,16
114,2114,changedp,16
115,2115,changegreedy,17
115,2115,changedp,17
116,2116,changegreedy,18
116,2116,changedp,18
117,2117,changegreedy,19
117,2117,changedp,19
118,2118,changegreedy,20
118,2118,changedp,17
119,2119,changegreedy,16
119,2119,changedp,16
120,2120,changegreedy,17
120,2120,changedp,17
121,2121,changegreedy,18
121,2121,changedp,18
122,2122,changegreedy,19
122,2122,changedp,19
123,2123,changegreedy,20
123,2123,changedp,20
124,2124,changegreedy,21
124,2124,changedp,18
125,2125,changegreedy,17
125,2125,changedp,17
126,2126,changegreedy,16
126,2126,changedp,16
127,2127,changegreedy,17
127,2127,changedp,17
128,2128,changegreedy,18
128,2128,changedp,18
129,2129,changegreedy,19
129,2129,changedp,19
130,2130,changegreedy,20
130,2130,changedp,19
131,2131,changegreedy,21
131,2131,changedp,18
132,2132,changegreedy,17
132,2132,changedp,17
133,2133,changegreedy,18
133,2133,changedp,18
134,2134,changegreedy,19
134,2134,changedp,19
135,2135,changegreedy,20
135,2135,changedp,18
136,2136,changegreedy,21
136,2136,changedp,19
137,2137,changegreedy,15
137,2137,changedp,15
138,2138,changegreedy,16
138,2138,changedp,16
139,2139,changegreedy,17
139,2139,changedp,17
140,2140,changegreedy,18
140,2140,changedp,18
141,2141,changegreedy,19
141,2141,changedp,19
142,2142,changegreedy,20
142,2142,changedp,20
143,2143,changegreedy,16
143,2143,changedp,16
144,2144,changegreedy,17
144,2144,changedp,17
145,2145,changegreedy,18
145,2145,changedp,18
146,2146,changegreedy,19
146,2146,changedp,19
147,2147,changegreedy,20
147,2147,changedp,20
148,2148,changegreedy,21
148,2148,changedp,19
149,2149,changegreedy,17
149,2149,changedp,17
150,2150,changegreedy,16
150,2150,changedp,16
151,2151,changegreedy,17
151,2151,changedp,17
152,2152,changegreedy,18
152,2152,changedp,18
153,2153,changegreedy,19
153,2153,changedp,19
154,2154,changegreedy,20
154,2154,changedp,20
155,2155,changegreedy,21
155,2155,changedp,18
156,2156,changegreedy,17
156,2156,changedp,17
157,2157,changegreedy,18
157,2157,changedp,18
158,2158,changegreedy,19
158,2158,changedp,19
159,2159,changegreedy,20
159,2159,changedp,20
160,2160,changegreedy,21
160,2160,changedp,21
161,2161,changegreedy,22
161,2161,changedp,19
162,2162,changegreedy,18
162,2162,changedp,18
163,2163,changegreedy,17
163,2163,changedp,17
164,2164,changegreedy,18
164,2164,changedp,18
165,2165,changegreedy,19
165,2165,changedp,19
166,2166,changegreedy,20
166,2166,changedp,20
167,2167,changegreedy,21
167,2167,changedp,20
168,2168,changegreedy,22
168,2168,changedp,19
169,2169,changegreedy,18
169,2169,changedp,18
170,2170,changegreedy,19
170,2170,changedp,19
171,2171,changegreedy,20
171,2171,changedp,20
172,2172,changegreedy,21
172,2172,changedp,19
173,2173,changegreedy,22
173,2173,changedp,20
174,2174,changegreedy,16
174,2174,changedp,16
175,2175,changegreedy,17
175,2175,changedp,17
176,2176,changegreedy,18
176,2176,changedp,18
177,2177,changegreedy,19
177,2177,changedp,19
178,2178,changegreedy,20
178,2178,changedp,20
179,2179,changegreedy,21
179,2179,changedp,21
180,2180,changegreedy,17
180,2180,changedp,17
181,2181,changegreedy,18
181,2181,changedp,18
182,2182,changegreedy,19
182,2182,changedp,19
183,2183,changegreedy,20
183,2183,changedp,20
184,2184,changegreedy,21
184,2184,changedp,21
185,2185,changegreedy,22
185,2185,changedp,20
186,2186,changegreedy,18
186,2186,changedp,18
187,2187,changegreedy,17
187,2187,changedp,17
188,2188,changegreedy,18
188,2188,changedp,18
189,2189,changegreedy,19
189,2189,changedp,19
190,2190,changegreedy,20
190,2190,changedp,20
191,2191,changegreedy,21
191,2191,changedp,21
192,2192,changegreedy,22
192,2192,changedp,19
193,2193,changegreedy,18
193,2193,changedp,18
194,2194,changegreedy,19
194,2194,changedp,19
195,2195,changegreedy,20
195,2195,changedp,20
196,2196,changegreedy,21
196,2196,changedp,21
197,2197,changegreedy,22
197,2197,changedp,22
198,2198,changegreedy,23
198,2198,changedp,20
199,2199,changegreedy,19
199,2199,changedp,19
200,2200,changegreedy,18
200,2200,changedp,18
0,2000,changegreedy,67
0,2000,changedp,67
1,2001,changegreedy,68
1,2001,changedp,68
2,2002,changegreedy,67
2,2002,changedp,67
3,2003,changegreedy,68
3,2003,changedp,68
4,2004,changegreedy,67
4,2004,changedp,67
5,2005,changegreedy,68
5,2005,changedp,68
6,2006,changegreedy,67
6,2006,changedp,67
7,2007,changegreedy,68
7,2007,changedp,68
8,2008,changegreedy,67
8,2008,changedp,67
9,2009,changegreedy,68
9,2009,changedp,68
10,2010,changegreedy,67
10,2010,changedp,67
11,2011,changegreedy,68
11,2011,changedp,68
12,2012,changegreedy,68
12,2012,changedp,68
13,2013,changegreedy,69
13,2013,changedp,69
14,2014,changegreedy,68
14,2014,changedp,68
15,2015,changegreedy,69
15,2015,changedp,69
16,2016,changegreedy,68
16,2016,changedp,68
17,2017,changegreedy,69
17,2017,changedp,69
18,2018,changegreedy,68
18,2018,changedp,68
19,2019,changegreedy,69
19,2019,changedp,69
20,2020,changegreedy,68
20,2020,changedp,68
21,2021,changegreedy,69
21,2021,changedp,69
22,2022,changegreedy,68
22,2022,changedp,68
23,2023,changegreedy,69
23,2023,changedp,69
24,2024,changegreedy,68
24,2024,changedp,68
25,2025,changegreedy,69
25,2025,changedp,69
26,2026,changegreedy,68
26,2026,changedp,68
27,2027,changegreedy,69
27,2027,changedp,69
28,2028,changegreedy,68
28,2028,changedp,68
29,2029,changegreedy,69
29,2029,changedp,69
30,2030,changegreedy,68
30,2030,changedp,68
31,2031,changegreedy,69
31,2031,changedp,69
32,2032,changegreedy,68
32,2032,changedp,68
33,2033,changegreedy,69
33,2033,changedp,69
34,2034,changegreedy,68
34,2034,changedp,68
35,2035,changegreedy,69
35,2035,changedp,69
36,2036,changegreedy,68
36,2036,changedp,68
37,2037,changegreedy,69
37,2037,changedp,69
38,2038,changegreedy,68
38,2038,changedp,68
39,2039,changegreedy,69
39,2039,changedp,69
40,2040,changegreedy,68
40,2040,changedp,68
41,2041,changegreedy,69
41,2041,changedp,69
42,2042,changegreedy,69
42,2042,changedp,69
43,2043,changegreedy,70
43,2043,changedp,70
44,2044,changegreedy,69
44,2044,changedp,69
45,2045,changegreedy,70
45,2045,changedp,70
46,2046,changegreedy,69
46,2046,changedp,69
47,2047,changegreedy,70
47,2047,changedp,70
48,2048,changegreedy,69
48,2048,changedp,69
49,2049,changegreedy,70
49,2049,changedp,70
50,2050,changegreedy,69
50,2050,changedp,69
51,2051,changegreedy,70
51,2051,changedp,70
52,2052,changegreedy,69
52,2052,changedp,69
53,2053,changegreedy,70
53,2053,changedp,70
54,2054,changegreedy,69
54,2054,changedp,69
55,2055,changegreedy,70
55,2055,changedp,70
56,2056,changegreedy,69
56,2056,changedp,69
57,2057,changegreedy,70
57,2057,changedp,70
58,2058,changegreedy,69
58,2058,changedp,69
59,2059,changegreedy,70
59,2059,changedp,70
60,2060,changegreedy,69
60,2060,changedp,69
61,2061,changegreedy,70
61,2061,changedp,70
62,2062,changegreedy,69
62,2062,changedp,69
63,2063,changegreedy,70
63,2063,changedp,70
64,2064,changegreedy,69
64,2064,changedp,69
65,2065,changegreedy,70
65,2065,changedp,70
66,2066,changegreedy,69
66,2066,changedp,69
67,2067,changegreedy,70
67,2067,changedp,70
68,2068,changegreedy,69
68,2068,changedp,69
69,2069,changegreedy,70
69,2069,changedp,70
70,2070,changegreedy,69
70,2070,changedp,69
71,2071,changegreedy,70
71,2071,changedp,70
72,2072,changegreedy,70
72,2072,changedp,70
73,2073,changegreedy,71
73,2073,changedp,71
74,2074,changegreedy,70
74,2074,changedp,70
75,2075,changegreedy,71
75,2075,changedp,71
76,2076,changegreedy,70
76,2076,changedp,70
77,2077,changegreedy,71
77,2077,changedp,71
78,2078,changegreedy,70
78,2078,changedp,70
79,2079,changegreedy,71
79,2079,changedp,71
80,2080,changegreedy,70
80,2080,changedp,70
81,2081,changegreedy,71
81,2081,changedp,71
82,2082,changegreedy,70
82,2082,changedp,70
83,2083,changegreedy,71
83,2083,changedp,71
84,2084,changegreedy,70
84,2084,changedp,70
85,2085,changegreedy,71
85,2085,changedp,71
86,2086,changegreedy,70
86,2086,changedp,70
87,2087,changegreedy,71
87,2087,changedp,71
88,2088,changegreedy,70
88,2088,changedp,70
89,2089,changegreedy,71
89,2089,changedp,71
90,2090,changegreedy,70
90,2090,changedp,70
91,2091,changegreedy,71
91,2091,changedp,71
92,2092,changegreedy,70
92,2092,changedp,70
93,2093,changegreedy,71
93,2093,changedp,71
94,2094,changegreedy,70
94,2094,changedp,70
95,2095,changegreedy,71
95,2095,changedp,71
96,2096,changegreedy,70
96,2096,changedp,70
97,2097,changegreedy,71
97,2097,changedp,71
98,2098,changegreedy,70
98,2098,changedp,70
99,2099,changegreedy,71
99,2099,changedp,71
100,2100,changegreedy,70
100,2100,changedp,70
101,2101,changegreedy,71
101,2101,changedp,71
102,2102,changegreedy,71
102,2102,changedp,71
103,2103,changegreedy,72
103,2103,changedp,72
104,2104,changegreedy,71
104,2104,changedp,71
105,2105,changegreedy,72
105,2105,changedp,72
106,2106,changegreedy,71
106,2106,changedp,71
107,2107,changegreedy,72
107,2107,changedp,72
108,2108,changegreedy,71
108,2108,changedp,71
109,2109,changegreedy,72
109,2109,changedp,72
110,2110,changegreedy,71
110,2110,changedp,71
111,2111,changegreedy,72
111,2111,changedp,72
112,2112,changegreedy,71
112,2112,changedp,71
113,2113,changegreedy,72
113,2113,changedp,72
114,2114,changegreedy,71
114,2114,changedp,71
115,2115,changegreedy,72
115,2115,changedp,72
116,2116,changegreedy,71
116,2116,changedp,71
117,2117,changegreedy,72
117,2117,changedp,72
118,2118,changegreedy,71
118,2118,changedp,71
119,2119,changegreedy,72
119,2119,changedp,72
120,2120,changegreedy,71
120,2120,changedp,71
121,2121,changegreedy,72
121,2121,changedp,72
122,2122,changegreedy,71
122,2122,changedp,71
123,2123,changegreedy,72
123,2123,changedp,72
124,2124,changegreedy,71
124,2124,changedp,71
125,2125,changegreedy,72
125,2125,changedp,72
126,2126,changegreedy,71
126,2126,changedp,71
127,2127,changegreedy,72
127,2127,changedp,72
128,2128,changegreedy,71
128,2128,changedp,71
129,2129,changegreedy,72
129,2129,changedp,72
130,2130,changegreedy,71
130,2130,changedp,71
131,2131,changegreedy,72
131,2131,changedp,72
132,2132,changegreedy,72
132,2132,changedp,72
133,2133,changegreedy,73
133,2133,changedp,73
134,2134,changegreedy,72
134,2134,changedp,72
135,2135,changegreedy,73
135,2135,changedp,73
136,2136,changegreedy,72
136,2136,changedp,72
137,2137,changegreedy,73
137,2137,changedp,73
138,2138,changegreedy,72
138,2138,changedp,72
139,2139,changegreedy,73
139,2139,changedp,73
140,2140,changegreedy,72
140,2140,changedp,72
141,2141,changegreedy,73
141,2141,changedp,73
142,2142,changegreedy,72
142,2142,changedp,72
143,2143,changegreedy,73
143,2143,changedp,73
144,2144,changegreedy,72
144,2144,changedp,72
145,2145,changegreedy,73
145,2145,changedp,73
146,2146,changegreedy,72
146,2146,changedp,72
147,2147,changegreedy,73
147,2147,changedp,73
148,2148,changegreedy,72
148,2148,changedp,72
149,2149,changegreedy,73
149,2149,changedp,73
150,2150,changegreedy,72
150,2150,changedp,72
151,2151,changegreedy,73
151,2151,changedp,73
152,2152,changegreedy,72
152,2152,changedp,72
153,2153,changegreedy,73
153,2153,changedp,73
154,2154,changegreedy,72
154,2154,changedp,72
155,2155,changegreedy,73
155,2155,changedp,73
156,2156,changegreedy,72
156,2156,changedp,72
157,2157,changegreedy,73
157,2157,changedp,73
158,2158,changegreedy,72
158,2158,changedp,72
159,2159,changegreedy,73
159,2159,changedp,73
160,2160,changegreedy,72
160,2160,changedp,72
161,2161,changegreedy,73
161,2161,changedp,73
162,2162,changegreedy,73
162,2162,changedp,73
163,2163,changegreedy,74
163,2163,changedp,74
164,2164,changegreedy,73
164,2164,changedp,73
165,2165,changegreedy,74
165,2165,changedp,74
166,2166,changegreedy,73
166,2166,changedp,73
167,2167,changegreedy,74
167,2167,changedp,74
168,2168,changegreedy,73
168,2168,changedp,73
169,2169,changegreedy,74
169,2169,changedp,74
170,2170,changegreedy,73
170,2170,changedp,73
171,2171,changegreedy,74
171,2171,changedp,74
172,2172,changegreedy,73
172,2172,changedp,73
173,2173,changegreedy,74
173,2173,changedp,74
174,2174,changegreedy,73
174,2174,changedp,73
175,2175,changegreedy,74
175,2175,changedp,74
176,2176,changegreedy,73
176,2176,changedp,73
177,2177,changegreedy,74
177,2177,changedp,74
178,2178,changegreedy,73
178,2178,changedp,73
179,2179,changegreedy,74
179,2179,changedp,74
180,2180,changegreedy,73
180,2180,changedp,73
181,2181,changegreedy,74
181,2181,changedp,74
182,2182,changegreedy,73
182,2182,changedp,73
183,2183,changegreedy,74
183,2183,changedp,74
184,2184,changegreedy,73
184,2184,changedp,73
185,2185,changegreedy,74
185,2185,changedp,74
186,2186,changegreedy,73
186,2186,changedp,73
187,2187,changegreedy,74
187,2187,changedp,74
188,2188,changegreedy,73
188,2188,changedp,73
189,2189,changegreedy,74
189,2189,changedp,74
190,2190,changegreedy,73
190,2190,changedp,73
191,2191,changegreedy,74
191,2191,changedp,74
192,2192,changegreedy,74
192,2192,changedp,74
193,2193,changegreedy,75
193,2193,changedp,75
194,2194,changegreedy,74
194,2194,changedp,74
195,2195,changegreedy,75
195,2195,changedp,75
196,2196,changegreedy,74
196,2196,changedp,74
197,2197,changegreedy,75
197,2197,changedp,75
198,2198,changegreedy,74
198,2198,changedp,74
199,2199,changegreedy,75
199,2199,changedp,75
200,2200,changegreedy,74
200,2200,changedp,74
